{"notes":[{"sectionNotes":[],"lengthInSteps":16,"typeOfSection":0,"mustHitSection":true},{"sectionNotes":[],"lengthInSteps":16,"typeOfSection":0,"mustHitSection":false},{"sectionNotes":[[4375,0,0],[5375,3,0],[5750,1,0],[4000,0,0],[5000,2,0]],"lengthInSteps":16,"typeOfSection":0,"mustHitSection":true},{"sectionNotes":[[7375,3,0],[7750,1,0],[6250,0,0],[7000,2,0],[6750,0,0]],"lengthInSteps":16,"typeOfSection":0,"mustHitSection":true},{"sectionNotes":[[8000,3,250],[8500,0,0],[8750,2,0],[9000,0,0],[9375,1,0],[9750,2,0]],"lengthInSteps":16,"typeOfSection":0,"mustHitSection":false},{"sectionNotes":[[10000,2,0],[10750,0,0],[11000,2,0],[11250,0,0],[11750,1,0],[10250,2,0]],"lengthInSteps":16,"typeOfSection":0,"mustHitSection":false},{"sectionNotes":[[12000,0,0],[13375,3,0],[13750,1,0],[13000,2,0],[12375,0,0]],"lengthInSteps":16,"typeOfSection":0,"mustHitSection":true},{"sectionNotes":[[15375,3,0],[15750,1,0],[14250,0,0],[15000,1,0],[14750,0,0]],"lengthInSteps":16,"typeOfSection":0,"mustHitSection":true},{"sectionNotes":[[16000,3,250],[16500,0,0],[16750,2,0],[17000,0,0],[17375,1,0],[17750,2,0]],"lengthInSteps":16,"typeOfSection":0,"mustHitSection":false},{"sectionNotes":[[18000,2,0],[18750,0,0],[19000,2,0],[19250,3,0],[18250,2,0],[19659.375,3,0]],"lengthInSteps":16,"typeOfSection":0,"mustHitSection":false},{"sectionNotes":[[20000,0,250],[20375,0,0],[20625,1,0],[21375,2,0],[21750,2,0],[20875,0,0]],"lengthInSteps":16,"typeOfSection":0,"mustHitSection":false},{"sectionNotes":[[22000,3,0],[22250,3,0],[22625,1,0],[23125,0,0],[23375,3,125],[22875,2,0],[23943.75,0,375]],"lengthInSteps":16,"typeOfSection":0,"mustHitSection":false},{"sectionNotes":[[24375,2,0],[25375,2,0],[25625,1,0],[24700,2,0],[24950,2,0]],"lengthInSteps":16,"typeOfSection":0,"mustHitSection":false},{"sectionNotes":[[26000,3,0],[26250,3,0],[26625,1,0],[27000,0,0],[27375,3,250],[27750,1,125]],"lengthInSteps":16,"typeOfSection":0,"mustHitSection":false},{"sectionNotes":[[28375,0,0],[28000,0,0],[29625,3,0],[29875,2,0],[28875,3,0],[29325,1,0]],"lengthInSteps":16,"typeOfSection":0,"mustHitSection":true},{"sectionNotes":[[30250,3,0],[31000,1,0],[31250,0,0],[30625,2,0],[31378.125,3,0],[31625,3,0]],"lengthInSteps":16,"typeOfSection":0,"mustHitSection":true},{"sectionNotes":[[32000,0,0],[32375,0,0],[33375,1,0],[33625,0,0],[33875,2,0],[32875,3,0]],"lengthInSteps":16,"typeOfSection":0,"mustHitSection":true},{"sectionNotes":[[34250,3,0],[34625,1,0],[35125,0,0],[35625,2,125]],"lengthInSteps":16,"typeOfSection":0,"mustHitSection":true},{"sectionNotes":[[36000,3,0],[36250,3,250],[37250,0,0],[37625,1,0],[36875,2,250],[37875,2,250]],"lengthInSteps":16,"typeOfSection":0,"mustHitSection":false},{"sectionNotes":[[38250,0,125],[39125,4,250],[39625,5,125],[38625,7,125],[38875,6,125]],"lengthInSteps":16,"typeOfSection":0,"mustHitSection":false},{"sectionNotes":[[40000,3,0],[40250,3,250],[41250,0,0],[41625,1,0],[40875,2,250],[41875,2,250]],"lengthInSteps":16,"typeOfSection":0,"mustHitSection":false},{"sectionNotes":[[42250,0,125],[43125,4,250],[42625,7,125],[42875,6,125],[43875,6,0],[43625,7,0]],"lengthInSteps":16,"typeOfSection":0,"mustHitSection":false},{"sectionNotes":[[44625,1,0],[45250,3,0],[45875,4,0],[44250,0,0],[44875,0,0],[45625,0,0]],"lengthInSteps":16,"typeOfSection":0,"mustHitSection":true},{"sectionNotes":[[46625,1,0],[46250,3,0],[46875,3,0],[47125,2,0],[47625,0,0],[47875,6,0]],"lengthInSteps":16,"typeOfSection":0,"mustHitSection":false},{"sectionNotes":[[48250,0,0],[48625,1,0],[48875,0,0],[49250,3,0],[49625,0,0],[49875,4,0]],"lengthInSteps":16,"typeOfSection":0,"mustHitSection":true},{"sectionNotes":[[50625,1,0],[50250,3,0],[50875,3,0],[51250,1,0],[51625,2,125],[51875,4,0]],"lengthInSteps":16,"typeOfSection":0,"mustHitSection":false},{"sectionNotes":[[52250,0,0],[53125,3,0],[53500,1,0],[52784.375,2,0]],"lengthInSteps":16,"typeOfSection":0,"mustHitSection":true},{"sectionNotes":[[54125,0,0],[54625,0,0],[55250,3,0],[55875,7,250],[55500,1,0],[54875,2,0]],"lengthInSteps":16,"typeOfSection":0,"mustHitSection":true},{"sectionNotes":[[56250,0,0],[56500,2,0],[56750,0,0],[57125,1,0],[57500,2,0],[57750,2,0]],"lengthInSteps":16,"typeOfSection":0,"mustHitSection":false},{"sectionNotes":[[58500,0,0],[58750,2,0],[59000,0,0],[59500,1,0],[59750,4,0]],"lengthInSteps":16,"typeOfSection":0,"mustHitSection":false},{"sectionNotes":[[60250,0,0],[61125,3,0],[61500,1,0],[60750,2,0]],"lengthInSteps":16,"typeOfSection":0,"mustHitSection":true},{"sectionNotes":[[62000,0,0],[62500,0,0],[62750,1,0],[63125,3,0],[63500,1,0],[63750,7,250]],"lengthInSteps":16,"typeOfSection":0,"mustHitSection":true},{"sectionNotes":[[64250,0,0],[64500,2,0],[64750,0,0],[65125,1,0],[65500,2,0],[65750,2,0]],"lengthInSteps":16,"typeOfSection":0,"mustHitSection":false},{"sectionNotes":[[66500,0,0],[66750,2,0],[67000,3,0],[67500,3,0],[67750,0,250]],"lengthInSteps":16,"typeOfSection":0,"mustHitSection":false},{"sectionNotes":[[68125,0,0],[68500,1,0],[69125,2,0],[69500,2,0],[69750,3,0],[68750,0,0]],"lengthInSteps":16,"typeOfSection":0,"mustHitSection":false},{"sectionNotes":[[70000,3,0],[70500,1,0],[70750,3,0],[71500,1,0],[71125,3,0],[71750,0,250]],"lengthInSteps":16,"typeOfSection":0,"mustHitSection":false},{"sectionNotes":[[72250,2,0],[72500,2,0],[73125,2,0],[73500,1,0],[73750,3,0],[72750,3,0]],"lengthInSteps":16,"typeOfSection":0,"mustHitSection":false},{"sectionNotes":[[74000,3,0],[74500,1,0],[74750,0,0],[75500,1,125],[75125,3,0],[75750,4,0]],"lengthInSteps":16,"typeOfSection":0,"mustHitSection":false},{"sectionNotes":[[76125,0,0],[77125,1,0],[77625,2,0],[76750,3,0]],"lengthInSteps":16,"typeOfSection":0,"mustHitSection":true},{"sectionNotes":[[78000,3,0],[79000,0,0],[78500,1,0],[79250,3,0],[79684.375,0,0]],"lengthInSteps":16,"typeOfSection":0,"mustHitSection":true},{"sectionNotes":[[80125,0,0],[80625,2,0],[81000,1,0],[81375,0,0],[81625,2,0]],"lengthInSteps":16,"typeOfSection":0,"mustHitSection":true},{"sectionNotes":[[82000,3,0],[83375,2,125],[82875,0,0],[83125,0,0],[83625,7,0],[82375,1,0]],"lengthInSteps":16,"typeOfSection":0,"mustHitSection":true},{"typeOfSection":0,"sectionNotes":[[84000,3,250],[85125,0,0],[84750,2,250],[85625,2,250],[85375,1,0]],"lengthInSteps":16,"bpm":120,"changeBPM":false,"mustHitSection":false},{"lengthInSteps":16,"typeOfSection":0,"sectionNotes":[[86000,0,125],[87625,3,0],[86375,7,0],[86625,6,0],[87000,4,0],[87375,4,0],[87750,6,0]],"altAnim":false,"bpm":120,"changeBPM":false,"mustHitSection":false},{"lengthInSteps":16,"typeOfSection":0,"sectionNotes":[[88000,7,250],[88625,6,250],[89000,4,0],[89375,5,0],[89625,6,250],[88000,0,0],[88375,3,0]],"altAnim":false,"bpm":120,"changeBPM":false,"mustHitSection":true},{"lengthInSteps":16,"typeOfSection":0,"sectionNotes":[[90000,4,125],[91000,0,0],[91375,3,0],[91625,2,0],[90375,3,0],[90625,2,0]],"altAnim":false,"bpm":120,"changeBPM":false,"mustHitSection":true},{"lengthInSteps":16,"typeOfSection":0,"sectionNotes":[[92000,0,0],[92625,0,0],[93000,3,0],[93375,0,0],[93625,6,0]],"altAnim":false,"bpm":120,"changeBPM":false,"mustHitSection":true},{"lengthInSteps":16,"typeOfSection":0,"sectionNotes":[[94000,3,0],[94375,1,0],[94625,3,0],[95000,2,0],[95375,0,0],[95625,6,0]],"altAnim":false,"bpm":120,"changeBPM":false,"mustHitSection":false},{"lengthInSteps":16,"typeOfSection":0,"sectionNotes":[[96000,0,0],[96625,0,0],[97000,3,0],[97375,0,0],[97625,4,0]],"altAnim":false,"bpm":120,"changeBPM":false,"mustHitSection":true},{"lengthInSteps":16,"typeOfSection":0,"sectionNotes":[[98000,3,0],[98375,1,0],[98625,3,0],[99000,1,0],[99375,2,125],[99625,3,250]],"altAnim":false,"bpm":120,"changeBPM":false,"mustHitSection":false},{"lengthInSteps":16,"typeOfSection":0,"sectionNotes":[[100000,7,250],[101625,7,250],[100500,0,0],[100875,1,0],[101375,2,0]],"altAnim":false,"bpm":120,"changeBPM":false,"mustHitSection":true},{"lengthInSteps":16,"typeOfSection":0,"sectionNotes":[[102000,7,250],[103000,0,0],[103375,3,0],[103625,5,250],[102625,2,0]],"altAnim":false,"bpm":120,"changeBPM":false,"mustHitSection":true},{"lengthInSteps":16,"typeOfSection":0,"sectionNotes":[[104625,0,0],[105000,2,0],[105375,1,0],[105625,2,0],[104000,5,250]],"altAnim":false,"bpm":120,"changeBPM":false,"mustHitSection":true},{"lengthInSteps":16,"typeOfSection":0,"sectionNotes":[[106000,3,0],[106375,2,0],[106625,7,0],[106875,7,0],[107125,7,0],[107375,7,0]],"altAnim":false,"bpm":120,"changeBPM":false,"mustHitSection":true},{"lengthInSteps":16,"typeOfSection":0,"sectionNotes":[],"altAnim":false,"bpm":120,"changeBPM":false,"mustHitSection":false},{"lengthInSteps":16,"typeOfSection":0,"sectionNotes":[],"altAnim":false,"bpm":120,"changeBPM":false,"mustHitSection":false},{"lengthInSteps":16,"typeOfSection":0,"sectionNotes":[],"altAnim":false,"bpm":120,"changeBPM":false,"mustHitSection":false},{"lengthInSteps":16,"typeOfSection":0,"sectionNotes":[],"altAnim":false,"bpm":120,"changeBPM":false,"mustHitSection":true},{"lengthInSteps":16,"typeOfSection":0,"sectionNotes":[],"altAnim":false,"bpm":120,"changeBPM":false,"mustHitSection":true},{"lengthInSteps":16,"typeOfSection":0,"sectionNotes":[],"altAnim":false,"bpm":120,"changeBPM":false,"mustHitSection":true},{"lengthInSteps":16,"typeOfSection":0,"sectionNotes":[],"altAnim":false,"bpm":120,"changeBPM":false,"mustHitSection":true},{"lengthInSteps":16,"typeOfSection":0,"sectionNotes":[],"altAnim":false,"bpm":120,"changeBPM":false,"mustHitSection":true},{"lengthInSteps":16,"typeOfSection":0,"sectionNotes":[],"altAnim":false,"bpm":120,"changeBPM":false,"mustHitSection":true},{"lengthInSteps":16,"typeOfSection":0,"sectionNotes":[],"altAnim":false,"bpm":120,"changeBPM":false,"mustHitSection":true},{"sectionNotes":[],"typeOfSection":0,"lengthInSteps":16,"altAnim":false,"mustHitSection":true,"changeBPM":false,"bpm":120},{"lengthInSteps":16,"typeOfSection":0,"sectionNotes":[],"altAnim":false,"bpm":120,"changeBPM":false,"mustHitSection":true},{"lengthInSteps":16,"typeOfSection":0,"sectionNotes":[],"altAnim":false,"bpm":120,"changeBPM":false,"mustHitSection":true},{"sectionNotes":[],"typeOfSection":0,"lengthInSteps":16,"altAnim":false,"mustHitSection":true,"changeBPM":false,"bpm":120},{"lengthInSteps":16,"typeOfSection":0,"sectionNotes":[],"altAnim":false,"bpm":120,"changeBPM":false,"mustHitSection":true},{"sectionNotes":[],"typeOfSection":0,"lengthInSteps":16,"altAnim":false,"mustHitSection":true,"changeBPM":false,"bpm":120},{"sectionNotes":[],"typeOfSection":0,"lengthInSteps":16,"altAnim":false,"mustHitSection":true,"changeBPM":false,"bpm":120},{"sectionNotes":[],"typeOfSection":0,"lengthInSteps":16,"altAnim":false,"mustHitSection":true,"changeBPM":false,"bpm":120},{"lengthInSteps":16,"typeOfSection":0,"sectionNotes":[],"altAnim":false,"bpm":120,"changeBPM":false,"mustHitSection":true},{"sectionNotes":[],"typeOfSection":0,"lengthInSteps":16,"altAnim":false,"mustHitSection":true,"changeBPM":false,"bpm":120},{"sectionNotes":[],"typeOfSection":0,"lengthInSteps":16,"altAnim":false,"mustHitSection":true,"changeBPM":false,"bpm":120},{"sectionNotes":[],"typeOfSection":0,"lengthInSteps":16,"altAnim":false,"mustHitSection":true,"changeBPM":false,"bpm":120},{"lengthInSteps":16,"altAnim":false,"typeOfSection":0,"sectionNotes":[],"bpm":120,"changeBPM":false,"mustHitSection":true}],"sections":77,"bpm":120,"song":{"sectionLengths":[],"player1":"bf","notes":[{"sectionNotes":[],"lengthInSteps":16,"typeOfSection":0,"mustHitSection":true},{"sectionNotes":[],"lengthInSteps":16,"typeOfSection":0,"mustHitSection":false},{"sectionNotes":[[4375,0,0],[5375,3,0],[5750,1,0],[4000,0,0],[5000,2,0]],"lengthInSteps":16,"typeOfSection":0,"mustHitSection":true},{"sectionNotes":[[7375,3,0],[7750,1,0],[6250,0,0],[7000,2,0],[6750,0,0]],"lengthInSteps":16,"typeOfSection":0,"mustHitSection":true},{"sectionNotes":[[8000,3,250],[8500,0,0],[8750,2,0],[9000,0,0],[9375,1,0],[9750,2,0]],"lengthInSteps":16,"typeOfSection":0,"mustHitSection":false},{"sectionNotes":[[10000,2,0],[10750,0,0],[11000,2,0],[11250,0,0],[11750,1,0],[10250,2,0]],"lengthInSteps":16,"typeOfSection":0,"mustHitSection":false},{"sectionNotes":[[12000,0,0],[13375,3,0],[13750,1,0],[13000,2,0],[12375,0,0]],"lengthInSteps":16,"typeOfSection":0,"mustHitSection":true},{"sectionNotes":[[15375,3,0],[15750,1,0],[14250,0,0],[15000,1,0],[14750,0,0]],"lengthInSteps":16,"typeOfSection":0,"mustHitSection":true},{"sectionNotes":[[16000,3,250],[16500,0,0],[16750,2,0],[17000,0,0],[17375,1,0],[17750,2,0]],"lengthInSteps":16,"typeOfSection":0,"mustHitSection":false},{"sectionNotes":[[18000,2,0],[18750,0,0],[19000,2,0],[19250,3,0],[18250,2,0],[19659.375,3,0]],"lengthInSteps":16,"typeOfSection":0,"mustHitSection":false},{"sectionNotes":[[20000,0,250],[20375,0,0],[20625,1,0],[21375,2,0],[21750,2,0],[20875,0,0]],"lengthInSteps":16,"typeOfSection":0,"mustHitSection":false},{"sectionNotes":[[22000,3,0],[22250,3,0],[22625,1,0],[23125,0,0],[23375,3,125],[22875,2,0],[23943.75,0,375]],"lengthInSteps":16,"typeOfSection":0,"mustHitSection":false},{"sectionNotes":[[24375,2,0],[25375,2,0],[25625,1,0],[24700,2,0],[24950,2,0]],"lengthInSteps":16,"typeOfSection":0,"mustHitSection":false},{"sectionNotes":[[26000,3,0],[26250,3,0],[26625,1,0],[27000,0,0],[27375,3,250],[27750,1,125]],"lengthInSteps":16,"typeOfSection":0,"mustHitSection":false},{"sectionNotes":[[28375,0,0],[28000,0,0],[29625,3,0],[29875,2,0],[28875,3,0],[29325,1,0]],"lengthInSteps":16,"typeOfSection":0,"mustHitSection":true},{"sectionNotes":[[30250,3,0],[31000,1,0],[31250,0,0],[30625,2,0],[31378.125,3,0],[31625,3,0]],"lengthInSteps":16,"typeOfSection":0,"mustHitSection":true},{"sectionNotes":[[32000,0,0],[32375,0,0],[33375,1,0],[33625,0,0],[33875,2,0],[32875,3,0]],"lengthInSteps":16,"typeOfSection":0,"mustHitSection":true},{"sectionNotes":[[34250,3,0],[34625,1,0],[35125,0,0],[35625,2,125]],"lengthInSteps":16,"typeOfSection":0,"mustHitSection":true},{"sectionNotes":[[36000,3,0],[36250,3,250],[37250,0,0],[37625,1,0],[36875,2,250],[37875,2,250]],"lengthInSteps":16,"typeOfSection":0,"mustHitSection":false},{"sectionNotes":[[38250,0,125],[39125,4,250],[39625,5,125],[38625,7,125],[38875,6,125]],"lengthInSteps":16,"typeOfSection":0,"mustHitSection":false},{"sectionNotes":[[40000,3,0],[40250,3,250],[41250,0,0],[41625,1,0],[40875,2,250],[41875,2,250]],"lengthInSteps":16,"typeOfSection":0,"mustHitSection":false},{"sectionNotes":[[42250,0,125],[43125,4,250],[42625,7,125],[42875,6,125],[43875,6,0],[43625,7,0]],"lengthInSteps":16,"typeOfSection":0,"mustHitSection":false},{"sectionNotes":[[44625,1,0],[45250,3,0],[45875,4,0],[44250,0,0],[44875,0,0],[45625,0,0]],"lengthInSteps":16,"typeOfSection":0,"mustHitSection":true},{"sectionNotes":[[46625,1,0],[46250,3,0],[46875,3,0],[47125,2,0],[47625,0,0],[47875,6,0]],"lengthInSteps":16,"typeOfSection":0,"mustHitSection":false},{"sectionNotes":[[48250,0,0],[48625,1,0],[48875,0,0],[49250,3,0],[49625,0,0],[49875,4,0]],"lengthInSteps":16,"typeOfSection":0,"mustHitSection":true},{"sectionNotes":[[50625,1,0],[50250,3,0],[50875,3,0],[51250,1,0],[51625,2,125],[51875,4,0]],"lengthInSteps":16,"typeOfSection":0,"mustHitSection":false},{"sectionNotes":[[52250,0,0],[53125,3,0],[53500,1,0],[52784.375,2,0]],"lengthInSteps":16,"typeOfSection":0,"mustHitSection":true},{"sectionNotes":[[54125,0,0],[54625,0,0],[55250,3,0],[55875,7,250],[55500,1,0],[54875,2,0]],"lengthInSteps":16,"typeOfSection":0,"mustHitSection":true},{"sectionNotes":[[56250,0,0],[56500,2,0],[56750,0,0],[57125,1,0],[57500,2,0],[57750,2,0]],"lengthInSteps":16,"typeOfSection":0,"mustHitSection":false},{"sectionNotes":[[58500,0,0],[58750,2,0],[59000,0,0],[59500,1,0],[59750,4,0]],"lengthInSteps":16,"typeOfSection":0,"mustHitSection":false},{"sectionNotes":[[60250,0,0],[61125,3,0],[61500,1,0],[60750,2,0]],"lengthInSteps":16,"typeOfSection":0,"mustHitSection":true},{"sectionNotes":[[62000,0,0],[62500,0,0],[62750,1,0],[63125,3,0],[63500,1,0],[63750,7,250]],"lengthInSteps":16,"typeOfSection":0,"mustHitSection":true},{"sectionNotes":[[64250,0,0],[64500,2,0],[64750,0,0],[65125,1,0],[65500,2,0],[65750,2,0]],"lengthInSteps":16,"typeOfSection":0,"mustHitSection":false},{"sectionNotes":[[66500,0,0],[66750,2,0],[67000,3,0],[67500,3,0],[67750,0,250]],"lengthInSteps":16,"typeOfSection":0,"mustHitSection":false},{"sectionNotes":[[68125,0,0],[68500,1,0],[69125,2,0],[69500,2,0],[69750,3,0],[68750,0,0]],"lengthInSteps":16,"typeOfSection":0,"mustHitSection":false},{"sectionNotes":[[70000,3,0],[70500,1,0],[70750,3,0],[71500,1,0],[71125,3,0],[71750,0,250]],"lengthInSteps":16,"typeOfSection":0,"mustHitSection":false},{"sectionNotes":[[72250,2,0],[72500,2,0],[73125,2,0],[73500,1,0],[73750,3,0],[72750,3,0]],"lengthInSteps":16,"typeOfSection":0,"mustHitSection":false},{"sectionNotes":[[74000,3,0],[74500,1,0],[74750,0,0],[75500,1,125],[75125,3,0],[75750,4,0]],"lengthInSteps":16,"typeOfSection":0,"mustHitSection":false},{"sectionNotes":[[76125,0,0],[77125,1,0],[77625,2,0],[76750,3,0]],"lengthInSteps":16,"typeOfSection":0,"mustHitSection":true},{"sectionNotes":[[78000,3,0],[79000,0,0],[78500,1,0],[79250,3,0],[79684.375,0,0]],"lengthInSteps":16,"typeOfSection":0,"mustHitSection":true},{"sectionNotes":[[80125,0,0],[80625,2,0],[81000,1,0],[81375,0,0],[81625,2,0]],"lengthInSteps":16,"typeOfSection":0,"mustHitSection":true},{"sectionNotes":[[82000,3,0],[83375,2,125],[82875,0,0],[83125,0,0],[83625,7,0],[82375,1,0]],"lengthInSteps":16,"typeOfSection":0,"mustHitSection":true},{"typeOfSection":0,"sectionNotes":[[84000,3,250],[85125,0,0],[84750,2,250],[85625,2,250],[85375,1,0]],"lengthInSteps":16,"bpm":120,"changeBPM":false,"mustHitSection":false},{"lengthInSteps":16,"typeOfSection":0,"sectionNotes":[[86000,0,125],[87625,3,0],[86375,7,0],[86625,6,0],[87000,4,0],[87375,4,0],[87750,6,0]],"altAnim":false,"bpm":120,"changeBPM":false,"mustHitSection":false},{"lengthInSteps":16,"typeOfSection":0,"sectionNotes":[[88000,7,250],[88625,6,250],[89000,4,0],[89375,5,0],[89625,6,250],[88000,0,0],[88375,3,0]],"altAnim":false,"bpm":120,"changeBPM":false,"mustHitSection":true},{"lengthInSteps":16,"typeOfSection":0,"sectionNotes":[[90000,4,125],[91000,0,0],[91375,3,0],[91625,2,0],[90375,3,0],[90625,2,0]],"altAnim":false,"bpm":120,"changeBPM":false,"mustHitSection":true},{"lengthInSteps":16,"typeOfSection":0,"sectionNotes":[[92000,0,0],[92625,0,0],[93000,3,0],[93375,0,0],[93625,6,0]],"altAnim":false,"bpm":120,"changeBPM":false,"mustHitSection":true},{"lengthInSteps":16,"typeOfSection":0,"sectionNotes":[[94000,3,0],[94375,1,0],[94625,3,0],[95000,2,0],[95375,0,0],[95625,6,0]],"altAnim":false,"bpm":120,"changeBPM":false,"mustHitSection":false},{"lengthInSteps":16,"typeOfSection":0,"sectionNotes":[[96000,0,0],[96625,0,0],[97000,3,0],[97375,0,0],[97625,4,0]],"altAnim":false,"bpm":120,"changeBPM":false,"mustHitSection":true},{"lengthInSteps":16,"typeOfSection":0,"sectionNotes":[[98000,3,0],[98375,1,0],[98625,3,0],[99000,1,0],[99375,2,125],[99625,3,250]],"altAnim":false,"bpm":120,"changeBPM":false,"mustHitSection":false},{"lengthInSteps":16,"typeOfSection":0,"sectionNotes":[[100000,7,250],[101625,7,250],[100500,0,0],[100875,1,0],[101375,2,0]],"altAnim":false,"bpm":120,"changeBPM":false,"mustHitSection":true},{"lengthInSteps":16,"typeOfSection":0,"sectionNotes":[[102000,7,250],[103000,0,0],[103375,3,0],[103625,5,250],[102625,2,0]],"altAnim":false,"bpm":120,"changeBPM":false,"mustHitSection":true},{"lengthInSteps":16,"typeOfSection":0,"sectionNotes":[[104625,0,0],[105000,2,0],[105375,1,0],[105625,2,0],[104000,5,250]],"altAnim":false,"bpm":120,"changeBPM":false,"mustHitSection":true},{"lengthInSteps":16,"typeOfSection":0,"sectionNotes":[[106000,3,0],[106375,2,0],[106625,7,0],[106875,7,0],[107125,7,0],[107375,7,0]],"altAnim":false,"bpm":120,"changeBPM":false,"mustHitSection":true},{"lengthInSteps":16,"typeOfSection":0,"sectionNotes":[],"altAnim":false,"bpm":120,"changeBPM":false,"mustHitSection":false},{"lengthInSteps":16,"typeOfSection":0,"sectionNotes":[],"altAnim":false,"bpm":120,"changeBPM":false,"mustHitSection":false},{"lengthInSteps":16,"typeOfSection":0,"sectionNotes":[],"altAnim":false,"bpm":120,"changeBPM":false,"mustHitSection":false},{"lengthInSteps":16,"typeOfSection":0,"sectionNotes":[],"altAnim":false,"bpm":120,"changeBPM":false,"mustHitSection":true},{"lengthInSteps":16,"typeOfSection":0,"sectionNotes":[],"altAnim":false,"bpm":120,"changeBPM":false,"mustHitSection":true},{"lengthInSteps":16,"typeOfSection":0,"sectionNotes":[],"altAnim":false,"bpm":120,"changeBPM":false,"mustHitSection":true},{"lengthInSteps":16,"typeOfSection":0,"sectionNotes":[],"altAnim":false,"bpm":120,"changeBPM":false,"mustHitSection":true},{"lengthInSteps":16,"typeOfSection":0,"sectionNotes":[],"altAnim":false,"bpm":120,"changeBPM":false,"mustHitSection":true},{"lengthInSteps":16,"typeOfSection":0,"sectionNotes":[],"altAnim":false,"bpm":120,"changeBPM":false,"mustHitSection":true},{"lengthInSteps":16,"typeOfSection":0,"sectionNotes":[],"altAnim":false,"bpm":120,"changeBPM":false,"mustHitSection":true},{"sectionNotes":[],"typeOfSection":0,"lengthInSteps":16,"altAnim":false,"mustHitSection":true,"changeBPM":false,"bpm":120},{"lengthInSteps":16,"typeOfSection":0,"sectionNotes":[],"altAnim":false,"bpm":120,"changeBPM":false,"mustHitSection":true},{"lengthInSteps":16,"typeOfSection":0,"sectionNotes":[],"altAnim":false,"bpm":120,"changeBPM":false,"mustHitSection":true},{"sectionNotes":[],"typeOfSection":0,"lengthInSteps":16,"altAnim":false,"mustHitSection":true,"changeBPM":false,"bpm":120},{"lengthInSteps":16,"typeOfSection":0,"sectionNotes":[],"altAnim":false,"bpm":120,"changeBPM":false,"mustHitSection":true},{"sectionNotes":[],"typeOfSection":0,"lengthInSteps":16,"altAnim":false,"mustHitSection":true,"changeBPM":false,"bpm":120},{"sectionNotes":[],"typeOfSection":0,"lengthInSteps":16,"altAnim":false,"mustHitSection":true,"changeBPM":false,"bpm":120},{"sectionNotes":[],"typeOfSection":0,"lengthInSteps":16,"altAnim":false,"mustHitSection":true,"changeBPM":false,"bpm":120},{"lengthInSteps":16,"typeOfSection":0,"sectionNotes":[],"altAnim":false,"bpm":120,"changeBPM":false,"mustHitSection":true},{"sectionNotes":[],"typeOfSection":0,"lengthInSteps":16,"altAnim":false,"mustHitSection":true,"changeBPM":false,"bpm":120},{"sectionNotes":[],"typeOfSection":0,"lengthInSteps":16,"altAnim":false,"mustHitSection":true,"changeBPM":false,"bpm":120},{"sectionNotes":[],"typeOfSection":0,"lengthInSteps":16,"altAnim":false,"mustHitSection":true,"changeBPM":false,"bpm":120},{"lengthInSteps":16,"altAnim":false,"typeOfSection":0,"sectionNotes":[],"bpm":120,"changeBPM":false,"mustHitSection":true}],"player2":"whitty","song":"Lo-Fight","validScore":true,"sections":0,"needsVoices":true,"speed":1,"bpm":120}}